DT_REFER,DS_CONTA,VL_CONTA,DENOM_CIA
2015-12-31,Passivo Total,1177037.0000000000,PRIO S.A.
2015-12-31,Passivo Circulante,85423.0000000000,PRIO S.A.
2015-12-31,Obrigações Sociais e Trabalhistas,7373.0000000000,PRIO S.A.
2015-12-31,Obrigações Sociais,0.0000000000,PRIO S.A.
2015-12-31,Obrigações Trabalhistas,7373.0000000000,PRIO S.A.
2015-12-31,INSS,0.0000000000,PRIO S.A.
2015-12-31,FGTS,0.0000000000,PRIO S.A.
2015-12-31,Provisões Trabalhistas,0.0000000000,PRIO S.A.
2015-12-31,Outras Obrigações Trabalhistas,7373.0000000000,PRIO S.A.
2015-12-31,Fornecedores,52469.0000000000,PRIO S.A.
2015-12-31,Fornecedores Nacionais,28846.0000000000,PRIO S.A.
2015-12-31,Fornecedores Estrangeiros,23623.0000000000,PRIO S.A.
2015-12-31,Obrigações Fiscais,13082.0000000000,PRIO S.A.
2015-12-31,Obrigações Fiscais Federais,13082.0000000000,PRIO S.A.
2015-12-31,Imposto de Renda e Contribuição Social a Pagar,0.0000000000,PRIO S.A.
2015-12-31,PIS e COFINS sobre Importação de Serviços,0.0000000000,PRIO S.A.
2015-12-31,Outros,13082.0000000000,PRIO S.A.
2015-12-31,Obrigações Fiscais Estaduais,0.0000000000,PRIO S.A.
2015-12-31,Obrigações Fiscais Municipais,0.0000000000,PRIO S.A.
2015-12-31,Empréstimos e Financiamentos,664.0000000000,PRIO S.A.
2015-12-31,Empréstimos e Financiamentos,0.0000000000,PRIO S.A.
2015-12-31,Em Moeda Nacional,0.0000000000,PRIO S.A.
2015-12-31,Em Moeda Estrangeira,0.0000000000,PRIO S.A.
2015-12-31,Debêntures,664.0000000000,PRIO S.A.
2015-12-31,Financiamento por Arrendamento Financeiro,0.0000000000,PRIO S.A.
2015-12-31,Outras Obrigações,11835.0000000000,PRIO S.A.
2015-12-31,Passivos com Partes Relacionadas,0.0000000000,PRIO S.A.
2015-12-31,Débitos com Coligadas,0.0000000000,PRIO S.A.
2015-12-31,Débitos com Controladores,0.0000000000,PRIO S.A.
2015-12-31,Débitos com Outras Partes Relacionadas,0.0000000000,PRIO S.A.
2015-12-31,Outros,11835.0000000000,PRIO S.A.
2015-12-31,Dividendos e JCP a Pagar,0.0000000000,PRIO S.A.
2015-12-31,Dividendo Mínimo Obrigatório a Pagar,0.0000000000,PRIO S.A.
2015-12-31,Obrigações por Pagamentos Baseados em Ações,0.0000000000,PRIO S.A.
2015-12-31,Instrumentos Financeiros e Derivativos,0.0000000000,PRIO S.A.
2015-12-31,Gastos com Emissão de Ação a Pagar,0.0000000000,PRIO S.A.
2015-12-31,Contas a pagar Petra,0.0000000000,PRIO S.A.
2015-12-31,Outras obrigações,0.0000000000,PRIO S.A.
2015-12-31,Adiantamento de Parceiros,7658.0000000000,PRIO S.A.
2015-12-31,Adiantamento para Alienação de Ativo Fixo,0.0000000000,PRIO S.A.
2015-12-31,Outros,4177.0000000000,PRIO S.A.
2015-12-31,Provisões,0.0000000000,PRIO S.A.
2015-12-31,Provisões Fiscais Previdenciárias Trabalhistas e Cíveis,0.0000000000,PRIO S.A.
2015-12-31,Provisões Fiscais,0.0000000000,PRIO S.A.
2015-12-31,Provisões Previdenciárias e Trabalhistas,0.0000000000,PRIO S.A.
2015-12-31,Provisões para Benefícios a Empregados,0.0000000000,PRIO S.A.
2015-12-31,Provisões Cíveis,0.0000000000,PRIO S.A.
2015-12-31,Outras Provisões,0.0000000000,PRIO S.A.
2015-12-31,Provisões para Garantias,0.0000000000,PRIO S.A.
2015-12-31,Provisões para Reestruturação,0.0000000000,PRIO S.A.
2015-12-31,Provisões para Passivos Ambientais e de Desativação,0.0000000000,PRIO S.A.
2015-12-31,Passivos sobre Ativos Não-Correntes a Venda e Descontinuados,0.0000000000,PRIO S.A.
2015-12-31,Passivos sobre Ativos Não-Correntes a Venda,0.0000000000,PRIO S.A.
2015-12-31,Passivos sobre Ativos de Operações Descontinuadas,0.0000000000,PRIO S.A.
2015-12-31,Passivo Não Circulante,177509.0000000000,PRIO S.A.
2015-12-31,Empréstimos e Financiamentos,31461.0000000000,PRIO S.A.
2015-12-31,Empréstimos e Financiamentos,0.0000000000,PRIO S.A.
2015-12-31,Em Moeda Nacional,0.0000000000,PRIO S.A.
2015-12-31,Em Moeda Estrangeira,0.0000000000,PRIO S.A.
2015-12-31,Debêntures,31461.0000000000,PRIO S.A.
2015-12-31,Financiamento por Arrendamento Financeiro,0.0000000000,PRIO S.A.
2015-12-31,Outras Obrigações,13049.0000000000,PRIO S.A.
2015-12-31,Passivos com Partes Relacionadas,0.0000000000,PRIO S.A.
2015-12-31,Débitos com Coligadas,0.0000000000,PRIO S.A.
2015-12-31,Débitos com Controladores,0.0000000000,PRIO S.A.
2015-12-31,Débitos com Outras Partes Relacionadas,0.0000000000,PRIO S.A.
2015-12-31,Outros,13049.0000000000,PRIO S.A.
2015-12-31,Obrigações por Pagamentos Baseados em Ações,0.0000000000,PRIO S.A.
2015-12-31,Adiantamento para Futuro Aumento de Capital,0.0000000000,PRIO S.A.
2015-12-31,Fornecedores,12710.0000000000,PRIO S.A.
2015-12-31,Outras obrigações,339.0000000000,PRIO S.A.
2015-12-31,Tributos Diferidos,4087.0000000000,PRIO S.A.
2015-12-31,Imposto de Renda e Contribuição Social Diferidos,4087.0000000000,PRIO S.A.
2015-12-31,Provisões,128912.0000000000,PRIO S.A.
2015-12-31,Provisões Fiscais Previdenciárias Trabalhistas e Cíveis,60879.0000000000,PRIO S.A.
2015-12-31,Provisões Fiscais,247.0000000000,PRIO S.A.
2015-12-31,Provisões Previdenciárias e Trabalhistas,8879.0000000000,PRIO S.A.
2015-12-31,Provisões para Benefícios a Empregados,0.0000000000,PRIO S.A.
2015-12-31,Provisões Cíveis,51753.0000000000,PRIO S.A.
2015-12-31,Outras Provisões,68033.0000000000,PRIO S.A.
2015-12-31,Provisões para Garantias,0.0000000000,PRIO S.A.
2015-12-31,Provisões para Reestruturação,0.0000000000,PRIO S.A.
2015-12-31,Provisões para Passivos Ambientais e de Desativação,68033.0000000000,PRIO S.A.
2015-12-31,Passivos sobre Ativos Não-Correntes a Venda e Descontinuados,0.0000000000,PRIO S.A.
2015-12-31,Passivos sobre Ativos Não-Correntes a Venda,0.0000000000,PRIO S.A.
2015-12-31,Passivos sobre Ativos de Operações Descontinuadas,0.0000000000,PRIO S.A.
2015-12-31,Lucros e Receitas a Apropriar,0.0000000000,PRIO S.A.
2015-12-31,Lucros a Apropriar,0.0000000000,PRIO S.A.
2015-12-31,Receitas a Apropriar,0.0000000000,PRIO S.A.
2015-12-31,Subvenções de Investimento a Apropriar,0.0000000000,PRIO S.A.
2015-12-31,Patrimônio Líquido Consolidado,914105.0000000000,PRIO S.A.
2015-12-31,Capital Social Realizado,3265185.0000000000,PRIO S.A.
2015-12-31,Reservas de Capital,101720.0000000000,PRIO S.A.
2015-12-31,Ágio na Emissão de Ações,101720.0000000000,PRIO S.A.
2015-12-31,Reserva Especial de Ágio na Incorporação,0.0000000000,PRIO S.A.
2015-12-31,Alienação de Bônus de Subscrição,0.0000000000,PRIO S.A.
2015-12-31,Opções Outorgadas,0.0000000000,PRIO S.A.
2015-12-31,Ações em Tesouraria,0.0000000000,PRIO S.A.
2015-12-31,Adiantamento para Futuro Aumento de Capital,0.0000000000,PRIO S.A.
2015-12-31,Reservas de Reavaliação,0.0000000000,PRIO S.A.
2015-12-31,Reservas de Lucros,0.0000000000,PRIO S.A.
2015-12-31,Reserva Legal,0.0000000000,PRIO S.A.
2015-12-31,Reserva Estatutária,0.0000000000,PRIO S.A.
2015-12-31,Reserva para Contingências,0.0000000000,PRIO S.A.
2015-12-31,Reserva de Lucros a Realizar,0.0000000000,PRIO S.A.
2015-12-31,Reserva de Retenção de Lucros,0.0000000000,PRIO S.A.
2015-12-31,Reserva Especial para Dividendos Não Distribuídos,0.0000000000,PRIO S.A.
2015-12-31,Reserva de Incentivos Fiscais,0.0000000000,PRIO S.A.
2015-12-31,Dividendo Adicional Proposto,0.0000000000,PRIO S.A.
2015-12-31,Ações em Tesouraria,0.0000000000,PRIO S.A.
2015-12-31,Lucros/Prejuízos Acumulados,-2840251.0000000000,PRIO S.A.
2015-12-31,Ajustes de Avaliação Patrimonial,0.0000000000,PRIO S.A.
2015-12-31,Ajustes Acumulados de Conversão,387451.0000000000,PRIO S.A.
2015-12-31,Outros Resultados Abrangentes,0.0000000000,PRIO S.A.
2015-12-31,Participação dos Acionistas Não Controladores,0.0000000000,PRIO S.A.
2016-12-31,Passivo Total,1082369.0000000000,PRIO S.A.
2016-12-31,Passivo Circulante,79620.0000000000,PRIO S.A.
2016-12-31,Obrigações Sociais e Trabalhistas,10151.0000000000,PRIO S.A.
2016-12-31,Obrigações Sociais,0.0000000000,PRIO S.A.
2016-12-31,Obrigações Trabalhistas,10151.0000000000,PRIO S.A.
2016-12-31,INSS,0.0000000000,PRIO S.A.
2016-12-31,FGTS,0.0000000000,PRIO S.A.
2016-12-31,Provisões Trabalhistas,0.0000000000,PRIO S.A.
2016-12-31,Outras Obrigações Trabalhistas,10151.0000000000,PRIO S.A.
2016-12-31,Fornecedores,50176.0000000000,PRIO S.A.
2016-12-31,Fornecedores Nacionais,23269.0000000000,PRIO S.A.
2016-12-31,Fornecedores Estrangeiros,26907.0000000000,PRIO S.A.
2016-12-31,Obrigações Fiscais,13494.0000000000,PRIO S.A.
2016-12-31,Obrigações Fiscais Federais,13494.0000000000,PRIO S.A.
2016-12-31,Imposto de Renda e Contribuição Social a Pagar,0.0000000000,PRIO S.A.
2016-12-31,PIS e COFINS sobre Importação de Serviços,0.0000000000,PRIO S.A.
2016-12-31,Outros,13494.0000000000,PRIO S.A.
2016-12-31,Obrigações Fiscais Estaduais,0.0000000000,PRIO S.A.
2016-12-31,Obrigações Fiscais Municipais,0.0000000000,PRIO S.A.
2016-12-31,Empréstimos e Financiamentos,688.0000000000,PRIO S.A.
2016-12-31,Empréstimos e Financiamentos,0.0000000000,PRIO S.A.
2016-12-31,Em Moeda Nacional,0.0000000000,PRIO S.A.
2016-12-31,Em Moeda Estrangeira,0.0000000000,PRIO S.A.
2016-12-31,Debêntures,688.0000000000,PRIO S.A.
2016-12-31,Financiamento por Arrendamento Financeiro,0.0000000000,PRIO S.A.
2016-12-31,Outras Obrigações,5111.0000000000,PRIO S.A.
2016-12-31,Passivos com Partes Relacionadas,0.0000000000,PRIO S.A.
2016-12-31,Débitos com Coligadas,0.0000000000,PRIO S.A.
2016-12-31,Débitos com Controladores,0.0000000000,PRIO S.A.
2016-12-31,Débitos com Outras Partes Relacionadas,0.0000000000,PRIO S.A.
2016-12-31,Outros,5111.0000000000,PRIO S.A.
2016-12-31,Dividendos e JCP a Pagar,0.0000000000,PRIO S.A.
2016-12-31,Dividendo Mínimo Obrigatório a Pagar,0.0000000000,PRIO S.A.
2016-12-31,Obrigações por Pagamentos Baseados em Ações,0.0000000000,PRIO S.A.
2016-12-31,Instrumentos Financeiros e Derivativos,162.0000000000,PRIO S.A.
2016-12-31,Gastos com Emissão de Ação a Pagar,0.0000000000,PRIO S.A.
2016-12-31,Contas a pagar Petra,0.0000000000,PRIO S.A.
2016-12-31,Outras obrigações,0.0000000000,PRIO S.A.
2016-12-31,Adiantamento de Parceiros,4170.0000000000,PRIO S.A.
2016-12-31,Adiantamento para Alienação de Ativo Fixo,0.0000000000,PRIO S.A.
2016-12-31,Outros,779.0000000000,PRIO S.A.
2016-12-31,Provisões,0.0000000000,PRIO S.A.
2016-12-31,Provisões Fiscais Previdenciárias Trabalhistas e Cíveis,0.0000000000,PRIO S.A.
2016-12-31,Provisões Fiscais,0.0000000000,PRIO S.A.
2016-12-31,Provisões Previdenciárias e Trabalhistas,0.0000000000,PRIO S.A.
2016-12-31,Provisões para Benefícios a Empregados,0.0000000000,PRIO S.A.
2016-12-31,Provisões Cíveis,0.0000000000,PRIO S.A.
2016-12-31,Outras Provisões,0.0000000000,PRIO S.A.
2016-12-31,Provisões para Garantias,0.0000000000,PRIO S.A.
2016-12-31,Provisões para Reestruturação,0.0000000000,PRIO S.A.
2016-12-31,Provisões para Passivos Ambientais e de Desativação,0.0000000000,PRIO S.A.
2016-12-31,Passivos sobre Ativos Não-Correntes a Venda e Descontinuados,0.0000000000,PRIO S.A.
2016-12-31,Passivos sobre Ativos Não-Correntes a Venda,0.0000000000,PRIO S.A.
2016-12-31,Passivos sobre Ativos de Operações Descontinuadas,0.0000000000,PRIO S.A.
2016-12-31,Passivo Não Circulante,168597.0000000000,PRIO S.A.
2016-12-31,Empréstimos e Financiamentos,31431.0000000000,PRIO S.A.
2016-12-31,Empréstimos e Financiamentos,0.0000000000,PRIO S.A.
2016-12-31,Em Moeda Nacional,0.0000000000,PRIO S.A.
2016-12-31,Em Moeda Estrangeira,0.0000000000,PRIO S.A.
2016-12-31,Debêntures,31431.0000000000,PRIO S.A.
2016-12-31,Financiamento por Arrendamento Financeiro,0.0000000000,PRIO S.A.
2016-12-31,Outras Obrigações,12828.0000000000,PRIO S.A.
2016-12-31,Passivos com Partes Relacionadas,0.0000000000,PRIO S.A.
2016-12-31,Débitos com Coligadas,0.0000000000,PRIO S.A.
2016-12-31,Débitos com Controladores,0.0000000000,PRIO S.A.
2016-12-31,Débitos com Outras Partes Relacionadas,0.0000000000,PRIO S.A.
2016-12-31,Outros,12828.0000000000,PRIO S.A.
2016-12-31,Obrigações por Pagamentos Baseados em Ações,0.0000000000,PRIO S.A.
2016-12-31,Adiantamento para Futuro Aumento de Capital,0.0000000000,PRIO S.A.
2016-12-31,Fornecedores,12828.0000000000,PRIO S.A.
2016-12-31,Outras obrigações,0.0000000000,PRIO S.A.
2016-12-31,Tributos Diferidos,19275.0000000000,PRIO S.A.
2016-12-31,Imposto de Renda e Contribuição Social Diferidos,19275.0000000000,PRIO S.A.
2016-12-31,Provisões,105063.0000000000,PRIO S.A.
2016-12-31,Provisões Fiscais Previdenciárias Trabalhistas e Cíveis,56393.0000000000,PRIO S.A.
2016-12-31,Provisões Fiscais,268.0000000000,PRIO S.A.
2016-12-31,Provisões Previdenciárias e Trabalhistas,11997.0000000000,PRIO S.A.
2016-12-31,Provisões para Benefícios a Empregados,0.0000000000,PRIO S.A.
2016-12-31,Provisões Cíveis,44128.0000000000,PRIO S.A.
2016-12-31,Outras Provisões,48670.0000000000,PRIO S.A.
2016-12-31,Provisões para Garantias,0.0000000000,PRIO S.A.
2016-12-31,Provisões para Reestruturação,0.0000000000,PRIO S.A.
2016-12-31,Provisões para Passivos Ambientais e de Desativação,48670.0000000000,PRIO S.A.
2016-12-31,Passivos sobre Ativos Não-Correntes a Venda e Descontinuados,0.0000000000,PRIO S.A.
2016-12-31,Passivos sobre Ativos Não-Correntes a Venda,0.0000000000,PRIO S.A.
2016-12-31,Passivos sobre Ativos de Operações Descontinuadas,0.0000000000,PRIO S.A.
2016-12-31,Lucros e Receitas a Apropriar,0.0000000000,PRIO S.A.
2016-12-31,Lucros a Apropriar,0.0000000000,PRIO S.A.
2016-12-31,Receitas a Apropriar,0.0000000000,PRIO S.A.
2016-12-31,Subvenções de Investimento a Apropriar,0.0000000000,PRIO S.A.
2016-12-31,Patrimônio Líquido Consolidado,834152.0000000000,PRIO S.A.
2016-12-31,Capital Social Realizado,3265216.0000000000,PRIO S.A.
2016-12-31,Reservas de Capital,100875.0000000000,PRIO S.A.
2016-12-31,Ágio na Emissão de Ações,100875.0000000000,PRIO S.A.
2016-12-31,Reserva Especial de Ágio na Incorporação,0.0000000000,PRIO S.A.
2016-12-31,Alienação de Bônus de Subscrição,0.0000000000,PRIO S.A.
2016-12-31,Opções Outorgadas,0.0000000000,PRIO S.A.
2016-12-31,Ações em Tesouraria,0.0000000000,PRIO S.A.
2016-12-31,Adiantamento para Futuro Aumento de Capital,0.0000000000,PRIO S.A.
2016-12-31,Reservas de Reavaliação,0.0000000000,PRIO S.A.
2016-12-31,Reservas de Lucros,0.0000000000,PRIO S.A.
2016-12-31,Reserva Legal,0.0000000000,PRIO S.A.
2016-12-31,Reserva Estatutária,0.0000000000,PRIO S.A.
2016-12-31,Reserva para Contingências,0.0000000000,PRIO S.A.
2016-12-31,Reserva de Lucros a Realizar,0.0000000000,PRIO S.A.
2016-12-31,Reserva de Retenção de Lucros,0.0000000000,PRIO S.A.
2016-12-31,Reserva Especial para Dividendos Não Distribuídos,0.0000000000,PRIO S.A.
2016-12-31,Reserva de Incentivos Fiscais,0.0000000000,PRIO S.A.
2016-12-31,Dividendo Adicional Proposto,0.0000000000,PRIO S.A.
2016-12-31,Ações em Tesouraria,0.0000000000,PRIO S.A.
2016-12-31,Lucros/Prejuízos Acumulados,-2598628.0000000000,PRIO S.A.
2016-12-31,Ajustes de Avaliação Patrimonial,4985.0000000000,PRIO S.A.
2016-12-31,Ajustes Acumulados de Conversão,61704.0000000000,PRIO S.A.
2016-12-31,Outros Resultados Abrangentes,0.0000000000,PRIO S.A.
2016-12-31,Participação dos Acionistas Não Controladores,0.0000000000,PRIO S.A.
2017-12-31,Passivo Total,1251764.0000000000,PRIO S.A.
2017-12-31,Passivo Circulante,216852.0000000000,PRIO S.A.
2017-12-31,Obrigações Sociais e Trabalhistas,9979.0000000000,PRIO S.A.
2017-12-31,Obrigações Sociais,0.0000000000,PRIO S.A.
2017-12-31,Obrigações Trabalhistas,9979.0000000000,PRIO S.A.
2017-12-31,INSS,0.0000000000,PRIO S.A.
2017-12-31,FGTS,0.0000000000,PRIO S.A.
2017-12-31,Provisões Trabalhistas,0.0000000000,PRIO S.A.
2017-12-31,Outras Obrigações Trabalhistas,9979.0000000000,PRIO S.A.
2017-12-31,Fornecedores,70536.0000000000,PRIO S.A.
2017-12-31,Fornecedores Nacionais,37306.0000000000,PRIO S.A.
2017-12-31,Fornecedores Estrangeiros,33230.0000000000,PRIO S.A.
2017-12-31,Obrigações Fiscais,20076.0000000000,PRIO S.A.
2017-12-31,Obrigações Fiscais Federais,20076.0000000000,PRIO S.A.
2017-12-31,Imposto de Renda e Contribuição Social a Pagar,0.0000000000,PRIO S.A.
2017-12-31,PIS e COFINS sobre Importação de Serviços,0.0000000000,PRIO S.A.
2017-12-31,Outros,20076.0000000000,PRIO S.A.
2017-12-31,Obrigações Fiscais Estaduais,0.0000000000,PRIO S.A.
2017-12-31,Obrigações Fiscais Municipais,0.0000000000,PRIO S.A.
2017-12-31,Empréstimos e Financiamentos,96632.0000000000,PRIO S.A.
2017-12-31,Empréstimos e Financiamentos,75011.0000000000,PRIO S.A.
2017-12-31,Em Moeda Nacional,0.0000000000,PRIO S.A.
2017-12-31,Em Moeda Estrangeira,0.0000000000,PRIO S.A.
2017-12-31,Debêntures,21621.0000000000,PRIO S.A.
2017-12-31,Financiamento por Arrendamento Financeiro,0.0000000000,PRIO S.A.
2017-12-31,Outras Obrigações,19629.0000000000,PRIO S.A.
2017-12-31,Passivos com Partes Relacionadas,0.0000000000,PRIO S.A.
2017-12-31,Débitos com Coligadas,0.0000000000,PRIO S.A.
2017-12-31,Débitos com Controladores,0.0000000000,PRIO S.A.
2017-12-31,Débitos com Outras Partes Relacionadas,0.0000000000,PRIO S.A.
2017-12-31,Outros,19629.0000000000,PRIO S.A.
2017-12-31,Dividendos e JCP a Pagar,0.0000000000,PRIO S.A.
2017-12-31,Dividendo Mínimo Obrigatório a Pagar,0.0000000000,PRIO S.A.
2017-12-31,Obrigações por Pagamentos Baseados em Ações,0.0000000000,PRIO S.A.
2017-12-31,Instrumentos Financeiros e Derivativos,0.0000000000,PRIO S.A.
2017-12-31,Gastos com Emissão de Ação a Pagar,0.0000000000,PRIO S.A.
2017-12-31,Contas a pagar Petra,0.0000000000,PRIO S.A.
2017-12-31,Outras obrigações,0.0000000000,PRIO S.A.
2017-12-31,Adiantamento de Parceiros,7129.0000000000,PRIO S.A.
2017-12-31,Adiantamento para Alienação de Ativo Fixo,0.0000000000,PRIO S.A.
2017-12-31,Outros,12500.0000000000,PRIO S.A.
2017-12-31,Provisões,0.0000000000,PRIO S.A.
2017-12-31,Provisões Fiscais Previdenciárias Trabalhistas e Cíveis,0.0000000000,PRIO S.A.
2017-12-31,Provisões Fiscais,0.0000000000,PRIO S.A.
2017-12-31,Provisões Previdenciárias e Trabalhistas,0.0000000000,PRIO S.A.
2017-12-31,Provisões para Benefícios a Empregados,0.0000000000,PRIO S.A.
2017-12-31,Provisões Cíveis,0.0000000000,PRIO S.A.
2017-12-31,Outras Provisões,0.0000000000,PRIO S.A.
2017-12-31,Provisões para Garantias,0.0000000000,PRIO S.A.
2017-12-31,Provisões para Reestruturação,0.0000000000,PRIO S.A.
2017-12-31,Provisões para Passivos Ambientais e de Desativação,0.0000000000,PRIO S.A.
2017-12-31,Passivos sobre Ativos Não-Correntes a Venda e Descontinuados,0.0000000000,PRIO S.A.
2017-12-31,Passivos sobre Ativos Não-Correntes a Venda,0.0000000000,PRIO S.A.
2017-12-31,Passivos sobre Ativos de Operações Descontinuadas,0.0000000000,PRIO S.A.
2017-12-31,Passivo Não Circulante,174429.0000000000,PRIO S.A.
2017-12-31,Empréstimos e Financiamentos,54038.0000000000,PRIO S.A.
2017-12-31,Empréstimos e Financiamentos,0.0000000000,PRIO S.A.
2017-12-31,Em Moeda Nacional,0.0000000000,PRIO S.A.
2017-12-31,Em Moeda Estrangeira,0.0000000000,PRIO S.A.
2017-12-31,Debêntures,54038.0000000000,PRIO S.A.
2017-12-31,Financiamento por Arrendamento Financeiro,0.0000000000,PRIO S.A.
2017-12-31,Outras Obrigações,13456.0000000000,PRIO S.A.
2017-12-31,Passivos com Partes Relacionadas,0.0000000000,PRIO S.A.
2017-12-31,Débitos com Coligadas,0.0000000000,PRIO S.A.
2017-12-31,Débitos com Controladores,0.0000000000,PRIO S.A.
2017-12-31,Débitos com Outras Partes Relacionadas,0.0000000000,PRIO S.A.
2017-12-31,Outros,13456.0000000000,PRIO S.A.
2017-12-31,Obrigações por Pagamentos Baseados em Ações,0.0000000000,PRIO S.A.
2017-12-31,Adiantamento para Futuro Aumento de Capital,0.0000000000,PRIO S.A.
2017-12-31,Fornecedores,13456.0000000000,PRIO S.A.
2017-12-31,Outras obrigações,0.0000000000,PRIO S.A.
2017-12-31,Tributos Diferidos,17697.0000000000,PRIO S.A.
2017-12-31,Imposto de Renda e Contribuição Social Diferidos,17697.0000000000,PRIO S.A.
2017-12-31,Provisões,89238.0000000000,PRIO S.A.
2017-12-31,Provisões Fiscais Previdenciárias Trabalhistas e Cíveis,15119.0000000000,PRIO S.A.
2017-12-31,Provisões Fiscais,299.0000000000,PRIO S.A.
2017-12-31,Provisões Previdenciárias e Trabalhistas,14820.0000000000,PRIO S.A.
2017-12-31,Provisões para Benefícios a Empregados,0.0000000000,PRIO S.A.
2017-12-31,Provisões Cíveis,0.0000000000,PRIO S.A.
2017-12-31,Outras Provisões,74119.0000000000,PRIO S.A.
2017-12-31,Provisões para Garantias,0.0000000000,PRIO S.A.
2017-12-31,Provisões para Reestruturação,0.0000000000,PRIO S.A.
2017-12-31,Provisões para Passivos Ambientais e de Desativação,74119.0000000000,PRIO S.A.
2017-12-31,Passivos sobre Ativos Não-Correntes a Venda e Descontinuados,0.0000000000,PRIO S.A.
2017-12-31,Passivos sobre Ativos Não-Correntes a Venda,0.0000000000,PRIO S.A.
2017-12-31,Passivos sobre Ativos de Operações Descontinuadas,0.0000000000,PRIO S.A.
2017-12-31,Lucros e Receitas a Apropriar,0.0000000000,PRIO S.A.
2017-12-31,Lucros a Apropriar,0.0000000000,PRIO S.A.
2017-12-31,Receitas a Apropriar,0.0000000000,PRIO S.A.
2017-12-31,Subvenções de Investimento a Apropriar,0.0000000000,PRIO S.A.
2017-12-31,Patrimônio Líquido Consolidado,860483.0000000000,PRIO S.A.
2017-12-31,Capital Social Realizado,3265256.0000000000,PRIO S.A.
2017-12-31,Reservas de Capital,82500.0000000000,PRIO S.A.
2017-12-31,Ágio na Emissão de Ações,82500.0000000000,PRIO S.A.
2017-12-31,Reserva Especial de Ágio na Incorporação,0.0000000000,PRIO S.A.
2017-12-31,Alienação de Bônus de Subscrição,0.0000000000,PRIO S.A.
2017-12-31,Opções Outorgadas,0.0000000000,PRIO S.A.
2017-12-31,Ações em Tesouraria,0.0000000000,PRIO S.A.
2017-12-31,Adiantamento para Futuro Aumento de Capital,0.0000000000,PRIO S.A.
2017-12-31,Reservas de Reavaliação,0.0000000000,PRIO S.A.
2017-12-31,Reservas de Lucros,0.0000000000,PRIO S.A.
2017-12-31,Reserva Legal,0.0000000000,PRIO S.A.
2017-12-31,Reserva Estatutária,0.0000000000,PRIO S.A.
2017-12-31,Reserva para Contingências,0.0000000000,PRIO S.A.
2017-12-31,Reserva de Lucros a Realizar,0.0000000000,PRIO S.A.
2017-12-31,Reserva de Retenção de Lucros,0.0000000000,PRIO S.A.
2017-12-31,Reserva Especial para Dividendos Não Distribuídos,0.0000000000,PRIO S.A.
2017-12-31,Reserva de Incentivos Fiscais,0.0000000000,PRIO S.A.
2017-12-31,Dividendo Adicional Proposto,0.0000000000,PRIO S.A.
2017-12-31,Ações em Tesouraria,0.0000000000,PRIO S.A.
2017-12-31,Lucros/Prejuízos Acumulados,-2579073.0000000000,PRIO S.A.
2017-12-31,Ajustes de Avaliação Patrimonial,26698.0000000000,PRIO S.A.
2017-12-31,Ajustes Acumulados de Conversão,65102.0000000000,PRIO S.A.
2017-12-31,Outros Resultados Abrangentes,0.0000000000,PRIO S.A.
2017-12-31,Participação dos Acionistas Não Controladores,0.0000000000,PRIO S.A.
2018-12-31,Passivo Total,1537063.0000000000,PRIO S.A.
2018-12-31,Passivo Circulante,370986.0000000000,PRIO S.A.
2018-12-31,Obrigações Sociais e Trabalhistas,14923.0000000000,PRIO S.A.
2018-12-31,Obrigações Sociais,0.0000000000,PRIO S.A.
2018-12-31,Obrigações Trabalhistas,14923.0000000000,PRIO S.A.
2018-12-31,INSS,0.0000000000,PRIO S.A.
2018-12-31,FGTS,0.0000000000,PRIO S.A.
2018-12-31,Provisões Trabalhistas,0.0000000000,PRIO S.A.
2018-12-31,Outras Obrigações Trabalhistas,14923.0000000000,PRIO S.A.
2018-12-31,Fornecedores,73258.0000000000,PRIO S.A.
2018-12-31,Fornecedores Nacionais,42221.0000000000,PRIO S.A.
2018-12-31,Fornecedores Estrangeiros,31037.0000000000,PRIO S.A.
2018-12-31,Obrigações Fiscais,37010.0000000000,PRIO S.A.
2018-12-31,Obrigações Fiscais Federais,37010.0000000000,PRIO S.A.
2018-12-31,Imposto de Renda e Contribuição Social a Pagar,18307.0000000000,PRIO S.A.
2018-12-31,PIS e COFINS sobre Importação de Serviços,0.0000000000,PRIO S.A.
2018-12-31,Outros,18703.0000000000,PRIO S.A.
2018-12-31,Obrigações Fiscais Estaduais,0.0000000000,PRIO S.A.
2018-12-31,Obrigações Fiscais Municipais,0.0000000000,PRIO S.A.
2018-12-31,Empréstimos e Financiamentos,222743.0000000000,PRIO S.A.
2018-12-31,Empréstimos e Financiamentos,222437.0000000000,PRIO S.A.
2018-12-31,Em Moeda Nacional,49.0000000000,PRIO S.A.
2018-12-31,Em Moeda Estrangeira,222388.0000000000,PRIO S.A.
2018-12-31,Debêntures,306.0000000000,PRIO S.A.
2018-12-31,Financiamento por Arrendamento Financeiro,0.0000000000,PRIO S.A.
2018-12-31,Outras Obrigações,23052.0000000000,PRIO S.A.
2018-12-31,Passivos com Partes Relacionadas,0.0000000000,PRIO S.A.
2018-12-31,Débitos com Coligadas,0.0000000000,PRIO S.A.
2018-12-31,Débitos com Controladores,0.0000000000,PRIO S.A.
2018-12-31,Débitos com Outras Partes Relacionadas,0.0000000000,PRIO S.A.
2018-12-31,Outros,23052.0000000000,PRIO S.A.
2018-12-31,Dividendos e JCP a Pagar,0.0000000000,PRIO S.A.
2018-12-31,Dividendo Mínimo Obrigatório a Pagar,0.0000000000,PRIO S.A.
2018-12-31,Obrigações por Pagamentos Baseados em Ações,0.0000000000,PRIO S.A.
2018-12-31,Instrumentos Financeiros e Derivativos,0.0000000000,PRIO S.A.
2018-12-31,Gastos com Emissão de Ação a Pagar,0.0000000000,PRIO S.A.
2018-12-31,Contas a pagar Petra,0.0000000000,PRIO S.A.
2018-12-31,Outras obrigações,0.0000000000,PRIO S.A.
2018-12-31,Adiantamento de Parceiros,6792.0000000000,PRIO S.A.
2018-12-31,Adiantamento para Alienação de Ativo Fixo,0.0000000000,PRIO S.A.
2018-12-31,Outros,16260.0000000000,PRIO S.A.
2018-12-31,Provisões,0.0000000000,PRIO S.A.
2018-12-31,Provisões Fiscais Previdenciárias Trabalhistas e Cíveis,0.0000000000,PRIO S.A.
2018-12-31,Provisões Fiscais,0.0000000000,PRIO S.A.
2018-12-31,Provisões Previdenciárias e Trabalhistas,0.0000000000,PRIO S.A.
2018-12-31,Provisões para Benefícios a Empregados,0.0000000000,PRIO S.A.
2018-12-31,Provisões Cíveis,0.0000000000,PRIO S.A.
2018-12-31,Outras Provisões,0.0000000000,PRIO S.A.
2018-12-31,Provisões para Garantias,0.0000000000,PRIO S.A.
2018-12-31,Provisões para Reestruturação,0.0000000000,PRIO S.A.
2018-12-31,Provisões para Passivos Ambientais e de Desativação,0.0000000000,PRIO S.A.
2018-12-31,Passivos sobre Ativos Não-Correntes a Venda e Descontinuados,0.0000000000,PRIO S.A.
2018-12-31,Passivos sobre Ativos Não-Correntes a Venda,0.0000000000,PRIO S.A.
2018-12-31,Passivos sobre Ativos de Operações Descontinuadas,0.0000000000,PRIO S.A.
2018-12-31,Passivo Não Circulante,159481.0000000000,PRIO S.A.
2018-12-31,Empréstimos e Financiamentos,56959.0000000000,PRIO S.A.
2018-12-31,Empréstimos e Financiamentos,25718.0000000000,PRIO S.A.
2018-12-31,Em Moeda Nacional,25718.0000000000,PRIO S.A.
2018-12-31,Em Moeda Estrangeira,0.0000000000,PRIO S.A.
2018-12-31,Debêntures,31241.0000000000,PRIO S.A.
2018-12-31,Financiamento por Arrendamento Financeiro,0.0000000000,PRIO S.A.
2018-12-31,Outras Obrigações,14057.0000000000,PRIO S.A.
2018-12-31,Passivos com Partes Relacionadas,0.0000000000,PRIO S.A.
2018-12-31,Débitos com Coligadas,0.0000000000,PRIO S.A.
2018-12-31,Débitos com Controladores,0.0000000000,PRIO S.A.
2018-12-31,Débitos com Outras Partes Relacionadas,0.0000000000,PRIO S.A.
2018-12-31,Outros,14057.0000000000,PRIO S.A.
2018-12-31,Obrigações por Pagamentos Baseados em Ações,0.0000000000,PRIO S.A.
2018-12-31,Adiantamento para Futuro Aumento de Capital,0.0000000000,PRIO S.A.
2018-12-31,Fornecedores,13413.0000000000,PRIO S.A.
2018-12-31,Outras obrigações,644.0000000000,PRIO S.A.
2018-12-31,Tributos Diferidos,2311.0000000000,PRIO S.A.
2018-12-31,Imposto de Renda e Contribuição Social Diferidos,2311.0000000000,PRIO S.A.
2018-12-31,Provisões,86154.0000000000,PRIO S.A.
2018-12-31,Provisões Fiscais Previdenciárias Trabalhistas e Cíveis,17441.0000000000,PRIO S.A.
2018-12-31,Provisões Fiscais,318.0000000000,PRIO S.A.
2018-12-31,Provisões Previdenciárias e Trabalhistas,17123.0000000000,PRIO S.A.
2018-12-31,Provisões para Benefícios a Empregados,0.0000000000,PRIO S.A.
2018-12-31,Provisões Cíveis,0.0000000000,PRIO S.A.
2018-12-31,Outras Provisões,68713.0000000000,PRIO S.A.
2018-12-31,Provisões para Garantias,0.0000000000,PRIO S.A.
2018-12-31,Provisões para Reestruturação,0.0000000000,PRIO S.A.
2018-12-31,Provisões para Passivos Ambientais e de Desativação,68713.0000000000,PRIO S.A.
2018-12-31,Passivos sobre Ativos Não-Correntes a Venda e Descontinuados,0.0000000000,PRIO S.A.
2018-12-31,Passivos sobre Ativos Não-Correntes a Venda,0.0000000000,PRIO S.A.
2018-12-31,Passivos sobre Ativos de Operações Descontinuadas,0.0000000000,PRIO S.A.
2018-12-31,Lucros e Receitas a Apropriar,0.0000000000,PRIO S.A.
2018-12-31,Lucros a Apropriar,0.0000000000,PRIO S.A.
2018-12-31,Receitas a Apropriar,0.0000000000,PRIO S.A.
2018-12-31,Subvenções de Investimento a Apropriar,0.0000000000,PRIO S.A.
2018-12-31,Patrimônio Líquido Consolidado,1006596.0000000000,PRIO S.A.
2018-12-31,Capital Social Realizado,3273114.0000000000,PRIO S.A.
2018-12-31,Reservas de Capital,58183.0000000000,PRIO S.A.
2018-12-31,Ágio na Emissão de Ações,58183.0000000000,PRIO S.A.
2018-12-31,Reserva Especial de Ágio na Incorporação,0.0000000000,PRIO S.A.
2018-12-31,Alienação de Bônus de Subscrição,0.0000000000,PRIO S.A.
2018-12-31,Opções Outorgadas,0.0000000000,PRIO S.A.
2018-12-31,Ações em Tesouraria,0.0000000000,PRIO S.A.
2018-12-31,Adiantamento para Futuro Aumento de Capital,0.0000000000,PRIO S.A.
2018-12-31,Reservas de Reavaliação,0.0000000000,PRIO S.A.
2018-12-31,Reservas de Lucros,0.0000000000,PRIO S.A.
2018-12-31,Reserva Legal,0.0000000000,PRIO S.A.
2018-12-31,Reserva Estatutária,0.0000000000,PRIO S.A.
2018-12-31,Reserva para Contingências,0.0000000000,PRIO S.A.
2018-12-31,Reserva de Lucros a Realizar,0.0000000000,PRIO S.A.
2018-12-31,Reserva de Retenção de Lucros,0.0000000000,PRIO S.A.
2018-12-31,Reserva Especial para Dividendos Não Distribuídos,0.0000000000,PRIO S.A.
2018-12-31,Reserva de Incentivos Fiscais,0.0000000000,PRIO S.A.
2018-12-31,Dividendo Adicional Proposto,0.0000000000,PRIO S.A.
2018-12-31,Ações em Tesouraria,0.0000000000,PRIO S.A.
2018-12-31,Lucros/Prejuízos Acumulados,-2342902.0000000000,PRIO S.A.
2018-12-31,Ajustes de Avaliação Patrimonial,-75856.0000000000,PRIO S.A.
2018-12-31,Ajustes Acumulados de Conversão,94057.0000000000,PRIO S.A.
2018-12-31,Outros Resultados Abrangentes,0.0000000000,PRIO S.A.
2018-12-31,Participação dos Acionistas Não Controladores,0.0000000000,PRIO S.A.
2019-12-31,Passivo Total,5489751.0000000000,PRIO S.A.
2019-12-31,Passivo Circulante,1669783.0000000000,PRIO S.A.
2019-12-31,Obrigações Sociais e Trabalhistas,39359.0000000000,PRIO S.A.
2019-12-31,Obrigações Sociais,0.0000000000,PRIO S.A.
2019-12-31,Obrigações Trabalhistas,39359.0000000000,PRIO S.A.
2019-12-31,INSS,0.0000000000,PRIO S.A.
2019-12-31,FGTS,0.0000000000,PRIO S.A.
2019-12-31,Provisões Trabalhistas,0.0000000000,PRIO S.A.
2019-12-31,Outras Obrigações Trabalhistas,39359.0000000000,PRIO S.A.
2019-12-31,Fornecedores,87232.0000000000,PRIO S.A.
2019-12-31,Fornecedores Nacionais,66732.0000000000,PRIO S.A.
2019-12-31,Fornecedores Estrangeiros,20500.0000000000,PRIO S.A.
2019-12-31,Obrigações Fiscais,83441.0000000000,PRIO S.A.
2019-12-31,Obrigações Fiscais Federais,83441.0000000000,PRIO S.A.
2019-12-31,Imposto de Renda e Contribuição Social a Pagar,52232.0000000000,PRIO S.A.
2019-12-31,PIS e COFINS sobre Importação de Serviços,0.0000000000,PRIO S.A.
2019-12-31,Outros,31209.0000000000,PRIO S.A.
2019-12-31,Obrigações Fiscais Estaduais,0.0000000000,PRIO S.A.
2019-12-31,Obrigações Fiscais Municipais,0.0000000000,PRIO S.A.
2019-12-31,Empréstimos e Financiamentos,1447355.0000000000,PRIO S.A.
2019-12-31,Empréstimos e Financiamentos,1224306.0000000000,PRIO S.A.
2019-12-31,Em Moeda Nacional,109.0000000000,PRIO S.A.
2019-12-31,Em Moeda Estrangeira,1224197.0000000000,PRIO S.A.
2019-12-31,Debêntures,0.0000000000,PRIO S.A.
2019-12-31,Financiamento por Arrendamento,223049.0000000000,PRIO S.A.
2019-12-31,Outras Obrigações,12396.0000000000,PRIO S.A.
2019-12-31,Passivos com Partes Relacionadas,0.0000000000,PRIO S.A.
2019-12-31,Débitos com Coligadas,0.0000000000,PRIO S.A.
2019-12-31,Débitos com Controladores,0.0000000000,PRIO S.A.
2019-12-31,Débitos com Outras Partes Relacionadas,0.0000000000,PRIO S.A.
2019-12-31,Outros,12396.0000000000,PRIO S.A.
2019-12-31,Dividendos e JCP a Pagar,0.0000000000,PRIO S.A.
2019-12-31,Dividendo Mínimo Obrigatório a Pagar,0.0000000000,PRIO S.A.
2019-12-31,Obrigações por Pagamentos Baseados em Ações,0.0000000000,PRIO S.A.
2019-12-31,Instrumentos Financeiros e Derivativos,0.0000000000,PRIO S.A.
2019-12-31,Gastos com Emissão de Ação a Pagar,0.0000000000,PRIO S.A.
2019-12-31,Contas a pagar Petra,0.0000000000,PRIO S.A.
2019-12-31,Outras obrigações,0.0000000000,PRIO S.A.
2019-12-31,Adiantamento de Parceiros,40.0000000000,PRIO S.A.
2019-12-31,Adiantamento para Alienação de Ativo Fixo,0.0000000000,PRIO S.A.
2019-12-31,Outros,12356.0000000000,PRIO S.A.
2019-12-31,Provisões,0.0000000000,PRIO S.A.
2019-12-31,Provisões Fiscais Previdenciárias Trabalhistas e Cíveis,0.0000000000,PRIO S.A.
2019-12-31,Provisões Fiscais,0.0000000000,PRIO S.A.
2019-12-31,Provisões Previdenciárias e Trabalhistas,0.0000000000,PRIO S.A.
2019-12-31,Provisões para Benefícios a Empregados,0.0000000000,PRIO S.A.
2019-12-31,Provisões Cíveis,0.0000000000,PRIO S.A.
2019-12-31,Outras Provisões,0.0000000000,PRIO S.A.
2019-12-31,Provisões para Garantias,0.0000000000,PRIO S.A.
2019-12-31,Provisões para Reestruturação,0.0000000000,PRIO S.A.
2019-12-31,Provisões para Passivos Ambientais e de Desativação,0.0000000000,PRIO S.A.
2019-12-31,Passivos sobre Ativos Não-Correntes a Venda e Descontinuados,0.0000000000,PRIO S.A.
2019-12-31,Passivos sobre Ativos Não-Correntes a Venda,0.0000000000,PRIO S.A.
2019-12-31,Passivos sobre Ativos de Operações Descontinuadas,0.0000000000,PRIO S.A.
2019-12-31,Passivo Não Circulante,1654867.0000000000,PRIO S.A.
2019-12-31,Empréstimos e Financiamentos,810703.0000000000,PRIO S.A.
2019-12-31,Empréstimos e Financiamentos,421270.0000000000,PRIO S.A.
2019-12-31,Em Moeda Nacional,54203.0000000000,PRIO S.A.
2019-12-31,Em Moeda Estrangeira,367067.0000000000,PRIO S.A.
2019-12-31,Debêntures,0.0000000000,PRIO S.A.
2019-12-31,Financiamento por Arrendamento,389433.0000000000,PRIO S.A.
2019-12-31,Outras Obrigações,14918.0000000000,PRIO S.A.
2019-12-31,Passivos com Partes Relacionadas,0.0000000000,PRIO S.A.
2019-12-31,Débitos com Coligadas,0.0000000000,PRIO S.A.
2019-12-31,Débitos com Controladores,0.0000000000,PRIO S.A.
2019-12-31,Débitos com Outras Partes Relacionadas,0.0000000000,PRIO S.A.
2019-12-31,Outros,14918.0000000000,PRIO S.A.
2019-12-31,Obrigações por Pagamentos Baseados em Ações,0.0000000000,PRIO S.A.
2019-12-31,Adiantamento para Futuro Aumento de Capital,0.0000000000,PRIO S.A.
2019-12-31,Fornecedores,13233.0000000000,PRIO S.A.
2019-12-31,Outras obrigações,1685.0000000000,PRIO S.A.
2019-12-31,Tributos Diferidos,0.0000000000,PRIO S.A.
2019-12-31,Imposto de Renda e Contribuição Social Diferidos,0.0000000000,PRIO S.A.
2019-12-31,Provisões,829246.0000000000,PRIO S.A.
2019-12-31,Provisões Fiscais Previdenciárias Trabalhistas e Cíveis,65613.0000000000,PRIO S.A.
2019-12-31,Provisões Fiscais,23154.0000000000,PRIO S.A.
2019-12-31,Provisões Previdenciárias e Trabalhistas,42459.0000000000,PRIO S.A.
2019-12-31,Provisões para Benefícios a Empregados,0.0000000000,PRIO S.A.
2019-12-31,Provisões Cíveis,0.0000000000,PRIO S.A.
2019-12-31,Outras Provisões,763633.0000000000,PRIO S.A.
2019-12-31,Provisões para Garantias,0.0000000000,PRIO S.A.
2019-12-31,Provisões para Reestruturação,0.0000000000,PRIO S.A.
2019-12-31,Provisões para Passivos Ambientais e de Desativação,763633.0000000000,PRIO S.A.
2019-12-31,Passivos sobre Ativos Não-Correntes a Venda e Descontinuados,0.0000000000,PRIO S.A.
2019-12-31,Passivos sobre Ativos Não-Correntes a Venda,0.0000000000,PRIO S.A.
2019-12-31,Passivos sobre Ativos de Operações Descontinuadas,0.0000000000,PRIO S.A.
2019-12-31,Lucros e Receitas a Apropriar,0.0000000000,PRIO S.A.
2019-12-31,Lucros a Apropriar,0.0000000000,PRIO S.A.
2019-12-31,Receitas a Apropriar,0.0000000000,PRIO S.A.
2019-12-31,Subvenções de Investimento a Apropriar,0.0000000000,PRIO S.A.
2019-12-31,Patrimônio Líquido Consolidado,2165101.0000000000,PRIO S.A.
2019-12-31,Capital Social Realizado,3316411.0000000000,PRIO S.A.
2019-12-31,Reservas de Capital,228027.0000000000,PRIO S.A.
2019-12-31,Ágio na Emissão de Ações,228027.0000000000,PRIO S.A.
2019-12-31,Reserva Especial de Ágio na Incorporação,0.0000000000,PRIO S.A.
2019-12-31,Alienação de Bônus de Subscrição,0.0000000000,PRIO S.A.
2019-12-31,Opções Outorgadas,0.0000000000,PRIO S.A.
2019-12-31,Ações em Tesouraria,0.0000000000,PRIO S.A.
2019-12-31,Adiantamento para Futuro Aumento de Capital,0.0000000000,PRIO S.A.
2019-12-31,Reservas de Reavaliação,0.0000000000,PRIO S.A.
2019-12-31,Reservas de Lucros,0.0000000000,PRIO S.A.
2019-12-31,Reserva Legal,0.0000000000,PRIO S.A.
2019-12-31,Reserva Estatutária,0.0000000000,PRIO S.A.
2019-12-31,Reserva para Contingências,0.0000000000,PRIO S.A.
2019-12-31,Reserva de Lucros a Realizar,0.0000000000,PRIO S.A.
2019-12-31,Reserva de Retenção de Lucros,0.0000000000,PRIO S.A.
2019-12-31,Reserva Especial para Dividendos Não Distribuídos,0.0000000000,PRIO S.A.
2019-12-31,Reserva de Incentivos Fiscais,0.0000000000,PRIO S.A.
2019-12-31,Dividendo Adicional Proposto,0.0000000000,PRIO S.A.
2019-12-31,Ações em Tesouraria,0.0000000000,PRIO S.A.
2019-12-31,Lucros/Prejuízos Acumulados,-1530431.0000000000,PRIO S.A.
2019-12-31,Ajustes de Avaliação Patrimonial,0.0000000000,PRIO S.A.
2019-12-31,Ajustes Acumulados de Conversão,150335.0000000000,PRIO S.A.
2019-12-31,Outros Resultados Abrangentes,0.0000000000,PRIO S.A.
2019-12-31,Participação dos Acionistas Não Controladores,759.0000000000,PRIO S.A.
2020-12-31,Passivo Total,6792833.0000000000,PRIO S.A.
2020-12-31,Passivo Circulante,2149449.0000000000,PRIO S.A.
2020-12-31,Obrigações Sociais e Trabalhistas,54857.0000000000,PRIO S.A.
2020-12-31,Obrigações Sociais,0.0000000000,PRIO S.A.
2020-12-31,Obrigações Trabalhistas,54857.0000000000,PRIO S.A.
2020-12-31,INSS,0.0000000000,PRIO S.A.
2020-12-31,FGTS,0.0000000000,PRIO S.A.
2020-12-31,Provisões Trabalhistas,0.0000000000,PRIO S.A.
2020-12-31,Outras Obrigações Trabalhistas,54857.0000000000,PRIO S.A.
2020-12-31,Fornecedores,236889.0000000000,PRIO S.A.
2020-12-31,Fornecedores Nacionais,170285.0000000000,PRIO S.A.
2020-12-31,Fornecedores Estrangeiros,66604.0000000000,PRIO S.A.
2020-12-31,Obrigações Fiscais,87741.0000000000,PRIO S.A.
2020-12-31,Obrigações Fiscais Federais,87741.0000000000,PRIO S.A.
2020-12-31,Imposto de Renda e Contribuição Social a Pagar,52729.0000000000,PRIO S.A.
2020-12-31,PIS e COFINS sobre Importação de Serviços,0.0000000000,PRIO S.A.
2020-12-31,Outros,35012.0000000000,PRIO S.A.
2020-12-31,Obrigações Fiscais Estaduais,0.0000000000,PRIO S.A.
2020-12-31,Obrigações Fiscais Municipais,0.0000000000,PRIO S.A.
2020-12-31,Empréstimos e Financiamentos,1772611.0000000000,PRIO S.A.
2020-12-31,Empréstimos e Financiamentos,1519966.0000000000,PRIO S.A.
2020-12-31,Em Moeda Nacional,57738.0000000000,PRIO S.A.
2020-12-31,Em Moeda Estrangeira,1462228.0000000000,PRIO S.A.
2020-12-31,Debêntures,0.0000000000,PRIO S.A.
2020-12-31,Financiamento por Arrendamento,252645.0000000000,PRIO S.A.
2020-12-31,Outras Obrigações,0.0000000000,PRIO S.A.
2020-12-31,Passivos com Partes Relacionadas,0.0000000000,PRIO S.A.
2020-12-31,Débitos com Coligadas,0.0000000000,PRIO S.A.
2020-12-31,Débitos com Controladores,0.0000000000,PRIO S.A.
2020-12-31,Débitos com Outras Partes Relacionadas,0.0000000000,PRIO S.A.
2020-12-31,Outros,0.0000000000,PRIO S.A.
2020-12-31,Dividendos e JCP a Pagar,0.0000000000,PRIO S.A.
2020-12-31,Dividendo Mínimo Obrigatório a Pagar,0.0000000000,PRIO S.A.
2020-12-31,Obrigações por Pagamentos Baseados em Ações,0.0000000000,PRIO S.A.
2020-12-31,Instrumentos Financeiros e Derivativos,0.0000000000,PRIO S.A.
2020-12-31,Gastos com Emissão de Ação a Pagar,0.0000000000,PRIO S.A.
2020-12-31,Contas a pagar Petra,0.0000000000,PRIO S.A.
2020-12-31,Outras obrigações,0.0000000000,PRIO S.A.
2020-12-31,Adiantamento de Parceiros,0.0000000000,PRIO S.A.
2020-12-31,Adiantamento para Alienação de Ativo Fixo,0.0000000000,PRIO S.A.
2020-12-31,Outros,0.0000000000,PRIO S.A.
2020-12-31,Provisões,0.0000000000,PRIO S.A.
2020-12-31,Provisões Fiscais Previdenciárias Trabalhistas e Cíveis,0.0000000000,PRIO S.A.
2020-12-31,Provisões Fiscais,0.0000000000,PRIO S.A.
2020-12-31,Provisões Previdenciárias e Trabalhistas,0.0000000000,PRIO S.A.
2020-12-31,Provisões para Benefícios a Empregados,0.0000000000,PRIO S.A.
2020-12-31,Provisões Cíveis,0.0000000000,PRIO S.A.
2020-12-31,Outras Provisões,0.0000000000,PRIO S.A.
2020-12-31,Provisões para Garantias,0.0000000000,PRIO S.A.
2020-12-31,Provisões para Reestruturação,0.0000000000,PRIO S.A.
2020-12-31,Provisões para Passivos Ambientais e de Desativação,0.0000000000,PRIO S.A.
2020-12-31,Passivos sobre Ativos Não-Correntes a Venda e Descontinuados,-2649.0000000000,PRIO S.A.
2020-12-31,Passivos sobre Ativos Não-Correntes a Venda,0.0000000000,PRIO S.A.
2020-12-31,Passivos sobre Ativos de Operações Descontinuadas,-2649.0000000000,PRIO S.A.
2020-12-31,Passivo Não Circulante,1492121.0000000000,PRIO S.A.
2020-12-31,Empréstimos e Financiamentos,763208.0000000000,PRIO S.A.
2020-12-31,Empréstimos e Financiamentos,389753.0000000000,PRIO S.A.
2020-12-31,Em Moeda Nacional,0.0000000000,PRIO S.A.
2020-12-31,Em Moeda Estrangeira,389753.0000000000,PRIO S.A.
2020-12-31,Debêntures,0.0000000000,PRIO S.A.
2020-12-31,Financiamento por Arrendamento,373455.0000000000,PRIO S.A.
2020-12-31,Outras Obrigações,14600.0000000000,PRIO S.A.
2020-12-31,Passivos com Partes Relacionadas,0.0000000000,PRIO S.A.
2020-12-31,Débitos com Coligadas,0.0000000000,PRIO S.A.
2020-12-31,Débitos com Controladores,0.0000000000,PRIO S.A.
2020-12-31,Débitos com Outras Partes Relacionadas,0.0000000000,PRIO S.A.
2020-12-31,Outros,14600.0000000000,PRIO S.A.
2020-12-31,Obrigações por Pagamentos Baseados em Ações,0.0000000000,PRIO S.A.
2020-12-31,Adiantamento para Futuro Aumento de Capital,0.0000000000,PRIO S.A.
2020-12-31,Fornecedores,13640.0000000000,PRIO S.A.
2020-12-31,Outras obrigações,960.0000000000,PRIO S.A.
2020-12-31,Tributos Diferidos,0.0000000000,PRIO S.A.
2020-12-31,Imposto de Renda e Contribuição Social Diferidos,0.0000000000,PRIO S.A.
2020-12-31,Provisões,714313.0000000000,PRIO S.A.
2020-12-31,Provisões Fiscais Previdenciárias Trabalhistas e Cíveis,75809.0000000000,PRIO S.A.
2020-12-31,Provisões Fiscais,14243.0000000000,PRIO S.A.
2020-12-31,Provisões Previdenciárias e Trabalhistas,61566.0000000000,PRIO S.A.
2020-12-31,Provisões para Benefícios a Empregados,0.0000000000,PRIO S.A.
2020-12-31,Provisões Cíveis,0.0000000000,PRIO S.A.
2020-12-31,Outras Provisões,638504.0000000000,PRIO S.A.
2020-12-31,Provisões para Garantias,0.0000000000,PRIO S.A.
2020-12-31,Provisões para Reestruturação,0.0000000000,PRIO S.A.
2020-12-31,Provisões para Passivos Ambientais e de Desativação,638504.0000000000,PRIO S.A.
2020-12-31,Passivos sobre Ativos Não-Correntes a Venda e Descontinuados,0.0000000000,PRIO S.A.
2020-12-31,Passivos sobre Ativos Não-Correntes a Venda,0.0000000000,PRIO S.A.
2020-12-31,Passivos sobre Ativos de Operações Descontinuadas,0.0000000000,PRIO S.A.
2020-12-31,Lucros e Receitas a Apropriar,0.0000000000,PRIO S.A.
2020-12-31,Lucros a Apropriar,0.0000000000,PRIO S.A.
2020-12-31,Receitas a Apropriar,0.0000000000,PRIO S.A.
2020-12-31,Subvenções de Investimento a Apropriar,0.0000000000,PRIO S.A.
2020-12-31,Patrimônio Líquido Consolidado,3151263.0000000000,PRIO S.A.
2020-12-31,Capital Social Realizado,3326900.0000000000,PRIO S.A.
2020-12-31,Reservas de Capital,321359.0000000000,PRIO S.A.
2020-12-31,Ágio na Emissão de Ações,108991.0000000000,PRIO S.A.
2020-12-31,Reserva Especial de Ágio na Incorporação,0.0000000000,PRIO S.A.
2020-12-31,Alienação de Bônus de Subscrição,0.0000000000,PRIO S.A.
2020-12-31,Opções Outorgadas,253242.0000000000,PRIO S.A.
2020-12-31,Ações em Tesouraria,-40874.0000000000,PRIO S.A.
2020-12-31,Adiantamento para Futuro Aumento de Capital,0.0000000000,PRIO S.A.
2020-12-31,Reservas de Reavaliação,0.0000000000,PRIO S.A.
2020-12-31,Reservas de Lucros,0.0000000000,PRIO S.A.
2020-12-31,Reserva Legal,0.0000000000,PRIO S.A.
2020-12-31,Reserva Estatutária,0.0000000000,PRIO S.A.
2020-12-31,Reserva para Contingências,0.0000000000,PRIO S.A.
2020-12-31,Reserva de Lucros a Realizar,0.0000000000,PRIO S.A.
2020-12-31,Reserva de Retenção de Lucros,0.0000000000,PRIO S.A.
2020-12-31,Reserva Especial para Dividendos Não Distribuídos,0.0000000000,PRIO S.A.
2020-12-31,Reserva de Incentivos Fiscais,0.0000000000,PRIO S.A.
2020-12-31,Dividendo Adicional Proposto,0.0000000000,PRIO S.A.
2020-12-31,Ações em Tesouraria,0.0000000000,PRIO S.A.
2020-12-31,Lucros/Prejuízos Acumulados,-1077665.0000000000,PRIO S.A.
2020-12-31,Ajustes de Avaliação Patrimonial,0.0000000000,PRIO S.A.
2020-12-31,Ajustes Acumulados de Conversão,579820.0000000000,PRIO S.A.
2020-12-31,Outros Resultados Abrangentes,0.0000000000,PRIO S.A.
2020-12-31,Participação dos Acionistas Não Controladores,849.0000000000,PRIO S.A.
2021-12-31,Passivo Total,12221416.0000000000,PRIO S.A.
2021-12-31,Passivo Circulante,1085997.0000000000,PRIO S.A.
2021-12-31,Obrigações Sociais e Trabalhistas,131475.0000000000,PRIO S.A.
2021-12-31,Obrigações Sociais,0.0000000000,PRIO S.A.
2021-12-31,Obrigações Trabalhistas,131475.0000000000,PRIO S.A.
2021-12-31,INSS,0.0000000000,PRIO S.A.
2021-12-31,FGTS,0.0000000000,PRIO S.A.
2021-12-31,Provisões Trabalhistas,0.0000000000,PRIO S.A.
2021-12-31,Outras Obrigações Trabalhistas,131475.0000000000,PRIO S.A.
2021-12-31,Fornecedores,292204.0000000000,PRIO S.A.
2021-12-31,Fornecedores Nacionais,30012.0000000000,PRIO S.A.
2021-12-31,Fornecedores Estrangeiros,262192.0000000000,PRIO S.A.
2021-12-31,Obrigações Fiscais,183678.0000000000,PRIO S.A.
2021-12-31,Obrigações Fiscais Federais,183678.0000000000,PRIO S.A.
2021-12-31,Imposto de Renda e Contribuição Social a Pagar,126322.0000000000,PRIO S.A.
2021-12-31,PIS e COFINS sobre Importação de Serviços,0.0000000000,PRIO S.A.
2021-12-31,Outros,57356.0000000000,PRIO S.A.
2021-12-31,Obrigações Fiscais Estaduais,0.0000000000,PRIO S.A.
2021-12-31,Obrigações Fiscais Municipais,0.0000000000,PRIO S.A.
2021-12-31,Empréstimos e Financiamentos,106458.0000000000,PRIO S.A.
2021-12-31,Empréstimos e Financiamentos,553.0000000000,PRIO S.A.
2021-12-31,Em Moeda Nacional,0.0000000000,PRIO S.A.
2021-12-31,Em Moeda Estrangeira,553.0000000000,PRIO S.A.
2021-12-31,Debêntures,0.0000000000,PRIO S.A.
2021-12-31,Financiamento por Arrendamento,105905.0000000000,PRIO S.A.
2021-12-31,Outras Obrigações,376684.0000000000,PRIO S.A.
2021-12-31,Passivos com Partes Relacionadas,0.0000000000,PRIO S.A.
2021-12-31,Débitos com Coligadas,0.0000000000,PRIO S.A.
2021-12-31,Débitos com Controladores,0.0000000000,PRIO S.A.
2021-12-31,Débitos com Outras Partes Relacionadas,0.0000000000,PRIO S.A.
2021-12-31,Outros,376684.0000000000,PRIO S.A.
2021-12-31,Dividendos e JCP a Pagar,0.0000000000,PRIO S.A.
2021-12-31,Dividendo Mínimo Obrigatório a Pagar,0.0000000000,PRIO S.A.
2021-12-31,Obrigações por Pagamentos Baseados em Ações,0.0000000000,PRIO S.A.
2021-12-31,Instrumentos Financeiros e Derivativos,0.0000000000,PRIO S.A.
2021-12-31,Gastos com Emissão de Ação a Pagar,0.0000000000,PRIO S.A.
2021-12-31,Contas a pagar Petra,0.0000000000,PRIO S.A.
2021-12-31,Outras obrigações,0.0000000000,PRIO S.A.
2021-12-31,Adiantamento de Parceiros,0.0000000000,PRIO S.A.
2021-12-31,Adiantamento para Alienação de Ativo Fixo,0.0000000000,PRIO S.A.
2021-12-31,Contas a pagar aquisição de Wahoo,376684.0000000000,PRIO S.A.
2021-12-31,Outros,0.0000000000,PRIO S.A.
2021-12-31,Provisões,0.0000000000,PRIO S.A.
2021-12-31,Provisões Fiscais Previdenciárias Trabalhistas e Cíveis,0.0000000000,PRIO S.A.
2021-12-31,Provisões Fiscais,0.0000000000,PRIO S.A.
2021-12-31,Provisões Previdenciárias e Trabalhistas,0.0000000000,PRIO S.A.
2021-12-31,Provisões para Benefícios a Empregados,0.0000000000,PRIO S.A.
2021-12-31,Provisões Cíveis,0.0000000000,PRIO S.A.
2021-12-31,Outras Provisões,0.0000000000,PRIO S.A.
2021-12-31,Provisões para Garantias,0.0000000000,PRIO S.A.
2021-12-31,Provisões para Reestruturação,0.0000000000,PRIO S.A.
2021-12-31,Provisões para Passivos Ambientais e de Desativação,0.0000000000,PRIO S.A.
2021-12-31,Passivos sobre Ativos Não-Correntes a Venda e Descontinuados,-4502.0000000000,PRIO S.A.
2021-12-31,Passivos sobre Ativos Não-Correntes a Venda,0.0000000000,PRIO S.A.
2021-12-31,Passivos sobre Ativos de Operações Descontinuadas,-4502.0000000000,PRIO S.A.
2021-12-31,Passivo Não Circulante,4515170.0000000000,PRIO S.A.
2021-12-31,Empréstimos e Financiamentos,3794835.0000000000,PRIO S.A.
2021-12-31,Empréstimos e Financiamentos,3307368.0000000000,PRIO S.A.
2021-12-31,Em Moeda Nacional,0.0000000000,PRIO S.A.
2021-12-31,Em Moeda Estrangeira,3307368.0000000000,PRIO S.A.
2021-12-31,Debêntures,0.0000000000,PRIO S.A.
2021-12-31,Financiamento por Arrendamento,487467.0000000000,PRIO S.A.
2021-12-31,Outras Obrigações,762.0000000000,PRIO S.A.
2021-12-31,Passivos com Partes Relacionadas,0.0000000000,PRIO S.A.
2021-12-31,Débitos com Coligadas,0.0000000000,PRIO S.A.
2021-12-31,Débitos com Controladores,0.0000000000,PRIO S.A.
2021-12-31,Débitos com Outras Partes Relacionadas,0.0000000000,PRIO S.A.
2021-12-31,Outros,762.0000000000,PRIO S.A.
2021-12-31,Obrigações por Pagamentos Baseados em Ações,0.0000000000,PRIO S.A.
2021-12-31,Adiantamento para Futuro Aumento de Capital,0.0000000000,PRIO S.A.
2021-12-31,Fornecedores,400.0000000000,PRIO S.A.
2021-12-31,Outras obrigações,362.0000000000,PRIO S.A.
2021-12-31,Tributos Diferidos,0.0000000000,PRIO S.A.
2021-12-31,Imposto de Renda e Contribuição Social Diferidos,0.0000000000,PRIO S.A.
2021-12-31,Provisões,719573.0000000000,PRIO S.A.
2021-12-31,Provisões Fiscais Previdenciárias Trabalhistas e Cíveis,27284.0000000000,PRIO S.A.
2021-12-31,Provisões Fiscais,365.0000000000,PRIO S.A.
2021-12-31,Provisões Previdenciárias e Trabalhistas,15282.0000000000,PRIO S.A.
2021-12-31,Provisões para Benefícios a Empregados,0.0000000000,PRIO S.A.
2021-12-31,Provisões Cíveis,11637.0000000000,PRIO S.A.
2021-12-31,Outras Provisões,692289.0000000000,PRIO S.A.
2021-12-31,Provisões para Garantias,0.0000000000,PRIO S.A.
2021-12-31,Provisões para Reestruturação,0.0000000000,PRIO S.A.
2021-12-31,Provisões para Passivos Ambientais e de Desativação,692289.0000000000,PRIO S.A.
2021-12-31,Passivos sobre Ativos Não-Correntes a Venda e Descontinuados,0.0000000000,PRIO S.A.
2021-12-31,Passivos sobre Ativos Não-Correntes a Venda,0.0000000000,PRIO S.A.
2021-12-31,Passivos sobre Ativos de Operações Descontinuadas,0.0000000000,PRIO S.A.
2021-12-31,Lucros e Receitas a Apropriar,0.0000000000,PRIO S.A.
2021-12-31,Lucros a Apropriar,0.0000000000,PRIO S.A.
2021-12-31,Receitas a Apropriar,0.0000000000,PRIO S.A.
2021-12-31,Subvenções de Investimento a Apropriar,0.0000000000,PRIO S.A.
2021-12-31,Patrimônio Líquido Consolidado,6620249.0000000000,PRIO S.A.
2021-12-31,Capital Social Realizado,5303644.0000000000,PRIO S.A.
2021-12-31,Reservas de Capital,348886.0000000000,PRIO S.A.
2021-12-31,Ágio na Emissão de Ações,108991.0000000000,PRIO S.A.
2021-12-31,Reserva Especial de Ágio na Incorporação,0.0000000000,PRIO S.A.
2021-12-31,Alienação de Bônus de Subscrição,0.0000000000,PRIO S.A.
2021-12-31,Opções Outorgadas,280769.0000000000,PRIO S.A.
2021-12-31,Ações em Tesouraria,-40874.0000000000,PRIO S.A.
2021-12-31,Adiantamento para Futuro Aumento de Capital,0.0000000000,PRIO S.A.
2021-12-31,Reservas de Reavaliação,0.0000000000,PRIO S.A.
2021-12-31,Reservas de Lucros,255381.0000000000,PRIO S.A.
2021-12-31,Reserva Legal,12769.0000000000,PRIO S.A.
2021-12-31,Reserva Estatutária,0.0000000000,PRIO S.A.
2021-12-31,Reserva para Contingências,0.0000000000,PRIO S.A.
2021-12-31,Reserva de Lucros a Realizar,60655.0000000000,PRIO S.A.
2021-12-31,Reserva de Retenção de Lucros,0.0000000000,PRIO S.A.
2021-12-31,Reserva Especial para Dividendos Não Distribuídos,0.0000000000,PRIO S.A.
2021-12-31,Reserva de Incentivos Fiscais,0.0000000000,PRIO S.A.
2021-12-31,Dividendo Adicional Proposto,0.0000000000,PRIO S.A.
2021-12-31,Ações em Tesouraria,0.0000000000,PRIO S.A.
2021-12-31,Reserva de Investimento,181957.0000000000,PRIO S.A.
2021-12-31,Lucros/Prejuízos Acumulados,0.0000000000,PRIO S.A.
2021-12-31,Ajustes de Avaliação Patrimonial,0.0000000000,PRIO S.A.
2021-12-31,Ajustes Acumulados de Conversão,712338.0000000000,PRIO S.A.
2021-12-31,Outros Resultados Abrangentes,0.0000000000,PRIO S.A.
2021-12-31,Participação dos Acionistas Não Controladores,0.0000000000,PRIO S.A.
2022-12-31,Passivo Total,20302520.0000000000,PRIO S.A.
2022-12-31,Passivo Circulante,1387739.0000000000,PRIO S.A.
2022-12-31,Obrigações Sociais e Trabalhistas,138003.0000000000,PRIO S.A.
2022-12-31,Obrigações Sociais,0.0000000000,PRIO S.A.
2022-12-31,Obrigações Trabalhistas,138003.0000000000,PRIO S.A.
2022-12-31,INSS,0.0000000000,PRIO S.A.
2022-12-31,FGTS,0.0000000000,PRIO S.A.
2022-12-31,Provisões Trabalhistas,0.0000000000,PRIO S.A.
2022-12-31,Outras Obrigações Trabalhistas,138003.0000000000,PRIO S.A.
2022-12-31,Fornecedores,565926.0000000000,PRIO S.A.
2022-12-31,Fornecedores Nacionais,266902.0000000000,PRIO S.A.
2022-12-31,Fornecedores Estrangeiros,299024.0000000000,PRIO S.A.
2022-12-31,Obrigações Fiscais,158712.0000000000,PRIO S.A.
2022-12-31,Obrigações Fiscais Federais,158712.0000000000,PRIO S.A.
2022-12-31,Imposto de Renda e Contribuição Social a Pagar,86979.0000000000,PRIO S.A.
2022-12-31,PIS e COFINS sobre Importação de Serviços,0.0000000000,PRIO S.A.
2022-12-31,Outros,71733.0000000000,PRIO S.A.
2022-12-31,Obrigações Fiscais Estaduais,0.0000000000,PRIO S.A.
2022-12-31,Obrigações Fiscais Municipais,0.0000000000,PRIO S.A.
2022-12-31,Empréstimos e Financiamentos,498319.0000000000,PRIO S.A.
2022-12-31,Empréstimos e Financiamentos,393258.0000000000,PRIO S.A.
2022-12-31,Em Moeda Nacional,0.0000000000,PRIO S.A.
2022-12-31,Em Moeda Estrangeira,393258.0000000000,PRIO S.A.
2022-12-31,Debêntures,40514.0000000000,PRIO S.A.
2022-12-31,Financiamento por Arrendamento,64547.0000000000,PRIO S.A.
2022-12-31,Outras Obrigações,43433.0000000000,PRIO S.A.
2022-12-31,Passivos com Partes Relacionadas,0.0000000000,PRIO S.A.
2022-12-31,Débitos com Coligadas,0.0000000000,PRIO S.A.
2022-12-31,Débitos com Controladores,0.0000000000,PRIO S.A.
2022-12-31,Débitos com Outras Partes Relacionadas,0.0000000000,PRIO S.A.
2022-12-31,Outros,43433.0000000000,PRIO S.A.
2022-12-31,Dividendos e JCP a Pagar,0.0000000000,PRIO S.A.
2022-12-31,Dividendo Mínimo Obrigatório a Pagar,0.0000000000,PRIO S.A.
2022-12-31,Obrigações por Pagamentos Baseados em Ações,0.0000000000,PRIO S.A.
2022-12-31,Instrumentos Financeiros e Derivativos,0.0000000000,PRIO S.A.
2022-12-31,Gastos com Emissão de Ação a Pagar,0.0000000000,PRIO S.A.
2022-12-31,Contas a pagar Petra,0.0000000000,PRIO S.A.
2022-12-31,Outras obrigações,0.0000000000,PRIO S.A.
2022-12-31,Adiantamento de Parceiros,0.0000000000,PRIO S.A.
2022-12-31,Adiantamento para Alienação de Ativo Fixo,0.0000000000,PRIO S.A.
2022-12-31,Contas a pagar aquisição de Wahoo,43433.0000000000,PRIO S.A.
2022-12-31,Outros,0.0000000000,PRIO S.A.
2022-12-31,Provisões,0.0000000000,PRIO S.A.
2022-12-31,Provisões Fiscais Previdenciárias Trabalhistas e Cíveis,0.0000000000,PRIO S.A.
2022-12-31,Provisões Fiscais,0.0000000000,PRIO S.A.
2022-12-31,Provisões Previdenciárias e Trabalhistas,0.0000000000,PRIO S.A.
2022-12-31,Provisões para Benefícios a Empregados,0.0000000000,PRIO S.A.
2022-12-31,Provisões Cíveis,0.0000000000,PRIO S.A.
2022-12-31,Outras Provisões,0.0000000000,PRIO S.A.
2022-12-31,Provisões para Garantias,0.0000000000,PRIO S.A.
2022-12-31,Provisões para Reestruturação,0.0000000000,PRIO S.A.
2022-12-31,Provisões para Passivos Ambientais e de Desativação,0.0000000000,PRIO S.A.
2022-12-31,Passivos sobre Ativos Não-Correntes a Venda e Descontinuados,-16654.0000000000,PRIO S.A.
2022-12-31,Passivos sobre Ativos Não-Correntes a Venda,0.0000000000,PRIO S.A.
2022-12-31,Passivos sobre Ativos de Operações Descontinuadas,-16654.0000000000,PRIO S.A.
2022-12-31,Passivo Não Circulante,9022764.0000000000,PRIO S.A.
2022-12-31,Empréstimos e Financiamentos,8724437.0000000000,PRIO S.A.
2022-12-31,Empréstimos e Financiamentos,5248108.0000000000,PRIO S.A.
2022-12-31,Em Moeda Nacional,0.0000000000,PRIO S.A.
2022-12-31,Em Moeda Estrangeira,5248108.0000000000,PRIO S.A.
2022-12-31,Debêntures,2039518.0000000000,PRIO S.A.
2022-12-31,Financiamento por Arrendamento,1436811.0000000000,PRIO S.A.
2022-12-31,Outras Obrigações,3346.0000000000,PRIO S.A.
2022-12-31,Passivos com Partes Relacionadas,0.0000000000,PRIO S.A.
2022-12-31,Débitos com Coligadas,0.0000000000,PRIO S.A.
2022-12-31,Débitos com Controladores,0.0000000000,PRIO S.A.
2022-12-31,Débitos com Outras Partes Relacionadas,0.0000000000,PRIO S.A.
2022-12-31,Outros,3346.0000000000,PRIO S.A.
2022-12-31,Obrigações por Pagamentos Baseados em Ações,0.0000000000,PRIO S.A.
2022-12-31,Adiantamento para Futuro Aumento de Capital,0.0000000000,PRIO S.A.
2022-12-31,Fornecedores,1503.0000000000,PRIO S.A.
2022-12-31,Outras obrigações,1843.0000000000,PRIO S.A.
2022-12-31,Tributos Diferidos,0.0000000000,PRIO S.A.
2022-12-31,Imposto de Renda e Contribuição Social Diferidos,0.0000000000,PRIO S.A.
2022-12-31,Provisões,294981.0000000000,PRIO S.A.
2022-12-31,Provisões Fiscais Previdenciárias Trabalhistas e Cíveis,23350.0000000000,PRIO S.A.
2022-12-31,Provisões Fiscais,388.0000000000,PRIO S.A.
2022-12-31,Provisões Previdenciárias e Trabalhistas,10401.0000000000,PRIO S.A.
2022-12-31,Provisões para Benefícios a Empregados,0.0000000000,PRIO S.A.
2022-12-31,Provisões Cíveis,12561.0000000000,PRIO S.A.
2022-12-31,Outras Provisões,271631.0000000000,PRIO S.A.
2022-12-31,Provisões para Garantias,0.0000000000,PRIO S.A.
2022-12-31,Provisões para Reestruturação,0.0000000000,PRIO S.A.
2022-12-31,Provisões para Passivos Ambientais e de Desativação,271631.0000000000,PRIO S.A.
2022-12-31,Passivos sobre Ativos Não-Correntes a Venda e Descontinuados,0.0000000000,PRIO S.A.
2022-12-31,Passivos sobre Ativos Não-Correntes a Venda,0.0000000000,PRIO S.A.
2022-12-31,Passivos sobre Ativos de Operações Descontinuadas,0.0000000000,PRIO S.A.
2022-12-31,Lucros e Receitas a Apropriar,0.0000000000,PRIO S.A.
2022-12-31,Lucros a Apropriar,0.0000000000,PRIO S.A.
2022-12-31,Receitas a Apropriar,0.0000000000,PRIO S.A.
2022-12-31,Subvenções de Investimento a Apropriar,0.0000000000,PRIO S.A.
2022-12-31,Patrimônio Líquido Consolidado,9892017.0000000000,PRIO S.A.
2022-12-31,Capital Social Realizado,5319674.0000000000,PRIO S.A.
2022-12-31,Reservas de Capital,377427.0000000000,PRIO S.A.
2022-12-31,Ágio na Emissão de Ações,119718.0000000000,PRIO S.A.
2022-12-31,Reserva Especial de Ágio na Incorporação,0.0000000000,PRIO S.A.
2022-12-31,Alienação de Bônus de Subscrição,0.0000000000,PRIO S.A.
2022-12-31,Opções Outorgadas,316776.0000000000,PRIO S.A.
2022-12-31,Ações em Tesouraria,-59067.0000000000,PRIO S.A.
2022-12-31,Adiantamento para Futuro Aumento de Capital,0.0000000000,PRIO S.A.
2022-12-31,Reservas de Reavaliação,0.0000000000,PRIO S.A.
2022-12-31,Reservas de Lucros,3682453.0000000000,PRIO S.A.
2022-12-31,Reserva Legal,184123.0000000000,PRIO S.A.
2022-12-31,Reserva Estatutária,0.0000000000,PRIO S.A.
2022-12-31,Reserva para Contingências,0.0000000000,PRIO S.A.
2022-12-31,Reserva de Lucros a Realizar,60688.0000000000,PRIO S.A.
2022-12-31,Reserva de Retenção de Lucros,0.0000000000,PRIO S.A.
2022-12-31,Reserva Especial para Dividendos Não Distribuídos,0.0000000000,PRIO S.A.
2022-12-31,Reserva de Incentivos Fiscais,0.0000000000,PRIO S.A.
2022-12-31,Dividendo Adicional Proposto,0.0000000000,PRIO S.A.
2022-12-31,Ações em Tesouraria,0.0000000000,PRIO S.A.
2022-12-31,Reserva de Investimento,3437642.0000000000,PRIO S.A.
2022-12-31,Lucros/Prejuízos Acumulados,0.0000000000,PRIO S.A.
2022-12-31,Ajustes de Avaliação Patrimonial,-89310.0000000000,PRIO S.A.
2022-12-31,Ajustes Acumulados de Conversão,601773.0000000000,PRIO S.A.
2022-12-31,Outros Resultados Abrangentes,0.0000000000,PRIO S.A.
2022-12-31,Participação dos Acionistas Não Controladores,0.0000000000,PRIO S.A.
2023-12-31,Passivo Total,28310932.0000000000,PRIO S.A.
2023-12-31,Passivo Circulante,3463811.0000000000,PRIO S.A.
2023-12-31,Obrigações Sociais e Trabalhistas,266893.0000000000,PRIO S.A.
2023-12-31,Obrigações Sociais,0.0000000000,PRIO S.A.
2023-12-31,Obrigações Trabalhistas,266893.0000000000,PRIO S.A.
2023-12-31,INSS,0.0000000000,PRIO S.A.
2023-12-31,FGTS,0.0000000000,PRIO S.A.
2023-12-31,Provisões Trabalhistas,0.0000000000,PRIO S.A.
2023-12-31,Outras Obrigações Trabalhistas,266893.0000000000,PRIO S.A.
2023-12-31,Fornecedores,834778.0000000000,PRIO S.A.
2023-12-31,Fornecedores Nacionais,678426.0000000000,PRIO S.A.
2023-12-31,Fornecedores Estrangeiros,156352.0000000000,PRIO S.A.
2023-12-31,Obrigações Fiscais,593007.0000000000,PRIO S.A.
2023-12-31,Obrigações Fiscais Federais,593007.0000000000,PRIO S.A.
2023-12-31,Imposto de Renda e Contribuição Social a Pagar,335726.0000000000,PRIO S.A.
2023-12-31,PIS e COFINS sobre Importação de Serviços,0.0000000000,PRIO S.A.
2023-12-31,Outros,257281.0000000000,PRIO S.A.
2023-12-31,Obrigações Fiscais Estaduais,0.0000000000,PRIO S.A.
2023-12-31,Obrigações Fiscais Municipais,0.0000000000,PRIO S.A.
2023-12-31,Empréstimos e Financiamentos,1476564.0000000000,PRIO S.A.
2023-12-31,Empréstimos e Financiamentos,1212632.0000000000,PRIO S.A.
2023-12-31,Em Moeda Nacional,0.0000000000,PRIO S.A.
2023-12-31,Em Moeda Estrangeira,1212632.0000000000,PRIO S.A.
2023-12-31,Debêntures,39430.0000000000,PRIO S.A.
2023-12-31,Financiamento por Arrendamento,224502.0000000000,PRIO S.A.
2023-12-31,Outras Obrigações,292569.0000000000,PRIO S.A.
2023-12-31,Passivos com Partes Relacionadas,0.0000000000,PRIO S.A.
2023-12-31,Débitos com Coligadas,0.0000000000,PRIO S.A.
2023-12-31,Débitos com Controladores,0.0000000000,PRIO S.A.
2023-12-31,Débitos com Outras Partes Relacionadas,0.0000000000,PRIO S.A.
2023-12-31,Outros,292569.0000000000,PRIO S.A.
2023-12-31,Dividendos e JCP a Pagar,0.0000000000,PRIO S.A.
2023-12-31,Dividendo Mínimo Obrigatório a Pagar,0.0000000000,PRIO S.A.
2023-12-31,Obrigações por Pagamentos Baseados em Ações,0.0000000000,PRIO S.A.
2023-12-31,Instrumentos Financeiros e Derivativos,0.0000000000,PRIO S.A.
2023-12-31,Gastos com Emissão de Ação a Pagar,0.0000000000,PRIO S.A.
2023-12-31,Contas a pagar Petra,0.0000000000,PRIO S.A.
2023-12-31,Outras obrigações,0.0000000000,PRIO S.A.
2023-12-31,Adiantamento de Parceiros,0.0000000000,PRIO S.A.
2023-12-31,Adiantamento para Alienação de Ativo Fixo,0.0000000000,PRIO S.A.
2023-12-31,Contas a pagar Gas Bridge,4104.0000000000,PRIO S.A.
2023-12-31,Contas a pagar earn out Albacora,288465.0000000000,PRIO S.A.
2023-12-31,Outros,0.0000000000,PRIO S.A.
2023-12-31,Provisões,0.0000000000,PRIO S.A.
2023-12-31,Provisões Fiscais Previdenciárias Trabalhistas e Cíveis,0.0000000000,PRIO S.A.
2023-12-31,Provisões Fiscais,0.0000000000,PRIO S.A.
2023-12-31,Provisões Previdenciárias e Trabalhistas,0.0000000000,PRIO S.A.
2023-12-31,Provisões para Benefícios a Empregados,0.0000000000,PRIO S.A.
2023-12-31,Provisões Cíveis,0.0000000000,PRIO S.A.
2023-12-31,Outras Provisões,0.0000000000,PRIO S.A.
2023-12-31,Provisões para Garantias,0.0000000000,PRIO S.A.
2023-12-31,Provisões para Reestruturação,0.0000000000,PRIO S.A.
2023-12-31,Provisões para Passivos Ambientais e de Desativação,0.0000000000,PRIO S.A.
2023-12-31,Passivos sobre Ativos Não-Correntes a Venda e Descontinuados,0.0000000000,PRIO S.A.
2023-12-31,Passivos sobre Ativos Não-Correntes a Venda,0.0000000000,PRIO S.A.
2023-12-31,Passivos sobre Ativos de Operações Descontinuadas,0.0000000000,PRIO S.A.
2023-12-31,Passivo Não Circulante,10968841.0000000000,PRIO S.A.
2023-12-31,Empréstimos e Financiamentos,8077838.0000000000,PRIO S.A.
2023-12-31,Empréstimos e Financiamentos,4340854.0000000000,PRIO S.A.
2023-12-31,Em Moeda Nacional,0.0000000000,PRIO S.A.
2023-12-31,Em Moeda Estrangeira,4340854.0000000000,PRIO S.A.
2023-12-31,Debêntures,1800248.0000000000,PRIO S.A.
2023-12-31,Financiamento por Arrendamento,1936736.0000000000,PRIO S.A.
2023-12-31,Outras Obrigações,823473.0000000000,PRIO S.A.
2023-12-31,Passivos com Partes Relacionadas,0.0000000000,PRIO S.A.
2023-12-31,Débitos com Coligadas,0.0000000000,PRIO S.A.
2023-12-31,Débitos com Controladores,0.0000000000,PRIO S.A.
2023-12-31,Débitos com Outras Partes Relacionadas,0.0000000000,PRIO S.A.
2023-12-31,Outros,823473.0000000000,PRIO S.A.
2023-12-31,Obrigações por Pagamentos Baseados em Ações,0.0000000000,PRIO S.A.
2023-12-31,Adiantamento para Futuro Aumento de Capital,0.0000000000,PRIO S.A.
2023-12-31,Fornecedores,0.0000000000,PRIO S.A.
2023-12-31,Outras obrigações,36750.0000000000,PRIO S.A.
2023-12-31,Contas a pagar earn out Albacora Leste,786723.0000000000,PRIO S.A.
2023-12-31,Tributos Diferidos,0.0000000000,PRIO S.A.
2023-12-31,Imposto de Renda e Contribuição Social Diferidos,0.0000000000,PRIO S.A.
2023-12-31,Provisões,2067530.0000000000,PRIO S.A.
2023-12-31,Provisões Fiscais Previdenciárias Trabalhistas e Cíveis,946101.0000000000,PRIO S.A.
2023-12-31,Provisões Fiscais,81357.0000000000,PRIO S.A.
2023-12-31,Provisões Previdenciárias e Trabalhistas,17407.0000000000,PRIO S.A.
2023-12-31,Provisões para Benefícios a Empregados,0.0000000000,PRIO S.A.
2023-12-31,Provisões Cíveis,847337.0000000000,PRIO S.A.
2023-12-31,Outras Provisões,1121429.0000000000,PRIO S.A.
2023-12-31,Provisões para Garantias,0.0000000000,PRIO S.A.
2023-12-31,Provisões para Reestruturação,0.0000000000,PRIO S.A.
2023-12-31,Provisões para Passivos Ambientais e de Desativação,1121429.0000000000,PRIO S.A.
2023-12-31,Passivos sobre Ativos Não-Correntes a Venda e Descontinuados,0.0000000000,PRIO S.A.
2023-12-31,Passivos sobre Ativos Não-Correntes a Venda,0.0000000000,PRIO S.A.
2023-12-31,Passivos sobre Ativos de Operações Descontinuadas,0.0000000000,PRIO S.A.
2023-12-31,Lucros e Receitas a Apropriar,0.0000000000,PRIO S.A.
2023-12-31,Lucros a Apropriar,0.0000000000,PRIO S.A.
2023-12-31,Receitas a Apropriar,0.0000000000,PRIO S.A.
2023-12-31,Subvenções de Investimento a Apropriar,0.0000000000,PRIO S.A.
2023-12-31,Patrimônio Líquido Consolidado,13878280.0000000000,PRIO S.A.
2023-12-31,Capital Social Realizado,5352792.0000000000,PRIO S.A.
2023-12-31,Reservas de Capital,-171877.0000000000,PRIO S.A.
2023-12-31,Ágio na Emissão de Ações,-32809.0000000000,PRIO S.A.
2023-12-31,Reserva Especial de Ágio na Incorporação,0.0000000000,PRIO S.A.
2023-12-31,Alienação de Bônus de Subscrição,0.0000000000,PRIO S.A.
2023-12-31,Opções Outorgadas,406778.0000000000,PRIO S.A.
2023-12-31,Ações em Tesouraria,-545846.0000000000,PRIO S.A.
2023-12-31,Adiantamento para Futuro Aumento de Capital,0.0000000000,PRIO S.A.
2023-12-31,Reservas de Reavaliação,0.0000000000,PRIO S.A.
2023-12-31,Reservas de Lucros,8801741.0000000000,PRIO S.A.
2023-12-31,Reserva Legal,443118.0000000000,PRIO S.A.
2023-12-31,Reserva Estatutária,0.0000000000,PRIO S.A.
2023-12-31,Reserva para Contingências,0.0000000000,PRIO S.A.
2023-12-31,Reserva de Lucros a Realizar,120.0000000000,PRIO S.A.
2023-12-31,Reserva de Retenção de Lucros,0.0000000000,PRIO S.A.
2023-12-31,Reserva Especial para Dividendos Não Distribuídos,0.0000000000,PRIO S.A.
2023-12-31,Reserva de Incentivos Fiscais,0.0000000000,PRIO S.A.
2023-12-31,Dividendo Adicional Proposto,0.0000000000,PRIO S.A.
2023-12-31,Ações em Tesouraria,0.0000000000,PRIO S.A.
2023-12-31,Reserva de Investimento,8358503.0000000000,PRIO S.A.
2023-12-31,Lucros/Prejuízos Acumulados,0.0000000000,PRIO S.A.
2023-12-31,Ajustes de Avaliação Patrimonial,80284.0000000000,PRIO S.A.
2023-12-31,Ajustes Acumulados de Conversão,-184660.0000000000,PRIO S.A.
2023-12-31,Outros Resultados Abrangentes,0.0000000000,PRIO S.A.
2023-12-31,Participação dos Acionistas Não Controladores,0.0000000000,PRIO S.A.
